flow_type,flow_cat,name,units,organic_central_valley,tulare_county
output,yield,best,kg,60525.97017241025,86753.89058045468
output,yield,mid,kg,42368.17912068717,74648.69654597263
output,yield,worst,kg,24210.3880689641,62543.50251149059
