nutrient,energy_used_btu_per_kg,energy_used_mj_per_kg
nitrogen,55011.21714982498,58.039906613672564
p2o5,28504.83454151775,30.074192510993036
k2o,7809.256382885195,8.239201651373117
caco3,119.17827438018759,0.12573973588996912
