nutrient,energy_used_btu_per_kg
nitrogen,55011.21714982498
p2o5,28504.83454151775
k2o,7809.256382885195
caco3,119.17827438018759
