cat,desc,unit,value
11-52-0 map,nitrogen,MJ/kg prod,6.384389727503982
11-52-0 map,p2o5,MJ/kg prod,15.63858010571638
uan-32,nitrogen,MJ/kg prod,18.57277011637522
